290C10,290C11
290C11,290C12
290C12,290C13
290C13,290C14
290C14,290C15
290C15,290C16
290C16,290C17
290C17,290C18
290C18,290C19
290C19,290C110
290C110,290C111
290C111,290C112
290C112,290C113
290C113,290C114
290C114,290C115
290C115,290C116
290C116,290C117
290C117,290C118
290C118,290C119
290C119,290C120
290C120,290C121
290C122,290C123
290C123,290C124
290C125,290C126
290C126,290C127
290C127,290C128
290C128,290C129
290C129,290C130
290C130,290C131
290C131,290C132
290C132,290C133
290C133,290C134
290C134,290C135
290C135,290C136
290C136,290C137
290C137,290C138
290C138,290C139
290C139,290C140
290C140,290C141
290C142,290C143
290C143,290C144
290C144,290C145
290C145,290C146
290C146,290C147
290C147,290C148
290C148,290C149
290C149,290C150
290C150,290C151
290C151,290C152
290C152,290C153
290C153,290C154
290C154,290C155
290C155,290C156
290C156,290C157
290C157,290C158
290C158,290C159
290C159,290C160
290C160,290C161
290C161,290C162
290C162,290C163
290C163,290C164
290C164,290C165
290C165,290C166
290C166,290C167
290C167,290C168
290C168,290C169
290C169,290C170
290C170,290C171
290C171,290C172
290C172,290C173
290C173,290C174
290C174,290C175
290C175,290C176